SNP,Chromosome,Position,PC1,PC2,PC3,PC4,PC5,PC6,PC7,PC8,PC9,PC10
MT:73,26,73,1.32E-08,7.08E-06,0.0149238,0.258223,0.00164611,0.233933,0.809464,0.0236704,0.775448,0.100948
MT:150,26,150,1.18E-06,0.0112263,0.250383,0.00681832,0.70127,0.0241447,0.745543,0.479088,0.0627888,0.207087
MT:192,26,192,0.970695,0.0826095,0.00276838,8.24E-11,0.0312153,3.45E-09,0.231417,0.295479,0.369601,0.785004
MT:193,26,193,0.00126559,0.0155791,0.459755,0.75557,0.00306784,0.00781187,0.69603,0.66376,0.88716,0.266656
MT:199,26,199,1.11E-18,1.36E-23,0.107731,1.13E-08,0.937168,0.0121493,0.738055,0.526923,0.864361,0.90852
MT:207,26,207,1.96E-09,0.149326,0.000796134,8.53E-10,0.269906,0.00307429,0.624487,0.504838,0.837604,0.638891
MT:217,26,217,1.99E-07,1.97E-09,0.200108,0.852821,0.00152166,0.708298,0.309327,0.0775706,0.31532,0.767359
MT:225,26,225,0.39408,0.730009,0.259393,0.00841111,0.331598,0.733388,0.57327,0.233216,0.42303,0.998713
MT:228,26,228,1.16E-08,0.890015,0.0349151,0.00344669,0.000464311,0.0201904,0.147158,0.0254713,0.71174,0.153271
MT:239,26,239,0.292842,0.0977882,0.0939783,2.13E-19,0.410462,0.131494,0.903703,0.593465,0.777568,0.525396
MT:242,26,242,6.55E-59,1.34E-29,0.00103421,0.000525236,0.00841619,1.11E-06,0.178567,9.29E-07,0.554053,0.317642
MT:250,26,250,1.62E-19,2.26E-19,0.0163691,6.34E-12,0.512514,0.273851,0.982323,0.473968,0.744872,0.7288
MT:263,26,263,2.48E-07,1.24E-06,1.15E-06,6.79E-44,0.000156964,0.910053,0.0233727,0.43581,0.330655,0.793793
MT:282,26,282,0.521571,0.943108,0.19918,0.914577,0.630092,0.920989,0.492674,0.87877,0.976036,0.223596
MT:285,26,285,6.77E-27,7.07E-10,0.869681,0.0197665,8.36E-06,0.0094771,0.654609,0.496541,0.170742,0.746152
MT:295,26,295,1.21E-47,1.31E-11,0.104928,0.00168664,0.0270618,0.470068,0.968247,0.00011694,0.321185,0.117188
MT:319,26,319,3.51E-10,1.31E-23,0.97978,0.0203575,3.80E-05,0.198915,0.297813,0.365479,0.662829,0.127214
MT:340,26,340,0.00226713,0.000470519,0.186819,0.80535,0.00175387,0.698742,0.273311,0.216097,0.421143,0.829797
MT:456,26,456,5.25E-34,3.06E-29,0.0242647,0.0138088,0.0171803,0.309203,0.214628,0.369987,0.338633,0.0955315
MT:462,26,462,4.03E-63,6.94E-20,0.0654344,0.165062,0.0804312,0.344086,0.782274,0.000133927,0.345836,0.146869
MT:482,26,482,2.19E-11,0.629553,0.230854,0.46127,6.88E-08,4.58E-07,0.478527,0.747527,0.00990647,0.37311
MT:497,26,497,0.000594457,2.83E-10,3.92E-07,0.406215,0.0717219,6.38E-09,0.0120724,0.053901,0.178829,2.87E-05
MT:507,26,507,0.0123494,0.218872,0.816728,0.54113,0.0529638,4.02E-06,0.110561,0.00424393,0.778836,0.85461
MT:547,26,547,0.00736052,0.000676515,0.0527622,0.0398246,0.271884,0.0960648,0.679831,0.270811,0.782098,0.142935
MT:709,26,709,3.02E-22,3.73E-10,0.654156,0.218524,0.224104,0.0126636,0.903499,0.640338,0.930711,0.115711
MT:750,26,750,0.013831,0.512984,0.0025927,0.000906327,0.0282538,0.810028,0.012896,0.890762,0.439654,0.0318303
MT:769,26,769,1.21E-07,9.38E-06,0.0718701,0.00200493,0.00334785,7.93E-06,0.324858,0.920041,0.624123,0.180631
MT:827,26,827,8.40E-05,2.04E-15,0.0215909,0.0045405,2.76E-09,1.79E-12,0.713032,0.591272,0.498751,0.158953
MT:951,26,951,0.689489,0.0535629,0.498291,0.000609711,0.967613,0.75462,0.373206,0.317392,0.129069,0.886498
MT:959,26,959,4.41E-11,2.50E-24,9.17E-05,2.50E-46,0.346479,8.71E-09,0.4383,0.297615,0.120772,0.698148
MT:980,26,980,4.03E-43,1.45E-09,0.294108,0.241495,0.123535,0.0552879,0.310061,0.758088,0.890942,0.273272
MT:1018,26,1018,0.15339,0.638322,0.864996,0.135585,0.613412,0.234849,0.367008,0.417298,0.132568,0.121735
MT:1095,26,1095,0.00564612,0.102826,0.00788649,0.692349,0.00260582,0.0201898,0.224687,0.81905,0.361853,0.463909
MT:1154,26,1154,0.211277,0.0336195,0.0990233,0.28531,0.0421668,0.305637,0.498249,0.0420849,0.874045,0.522969
MT:1189,26,1189,0.0109683,7.11E-12,0.000179961,0.00703934,0.0533131,2.66E-05,0.0401882,0.028853,0.896007,0.00191049
MT:1243,26,1243,2.11E-06,3.58E-08,1.92E-05,1.25E-11,0.974548,0.473579,0.210267,0.486688,0.112563,0.146861
MT:1292,26,1292,0.0146283,0.3977,0.00419028,0.00107559,0.0364737,8.91E-06,0.209801,0.0956973,0.171354,0.487306
MT:1303,26,1303,1.10E-13,0.000430518,0.668734,0.315996,0.285291,0.0281049,0.499009,0.866333,0.0118288,0.25237
MT:1391,26,1391,2.91E-05,9.48E-06,0.673843,0.042644,0.928992,0.134737,0.862204,0.776457,0.0296667,0.583955
MT:1406,26,1406,0.00025357,0.180325,0.804802,0.000133101,0.522366,0.063158,0.0212871,0.230628,0.975955,0.00958676
MT:1438,26,1438,0.00682443,0.266432,0.0781929,2.79E-08,0.106804,0.411239,0.0544665,0.0963183,0.697421,0.353462
MT:1472,26,1472,8.78E-05,0.0980864,0.00172,0.859682,0.517641,0.711547,0.656555,0.464415,0.424904,0.330277
MT:1555,26,1555,0.00757323,5.88E-14,0.189043,0.309416,0.00722476,0.235447,0.594331,0.436344,0.32636,0.910603
MT:1646,26,1646,0.107402,0.374953,0.350605,0.0076,0.334734,0.0652031,0.529272,0.136531,0.242101,0.427266
MT:1694,26,1694,0.00209428,0.0244458,0.364189,0.00393469,0.552018,0.21087,0.954999,0.0129335,0.47403,0.475081
MT:1719,26,1719,9.87E-10,0.00552383,0.52029,0.123285,0.0380867,0.590828,0.84685,0.385264,0.377017,0.672136
MT:1721,26,1721,0.350107,4.11E-16,0.332692,2.01E-05,4.92E-12,0.000389421,0.862788,0.240972,0.515916,0.578796
MT:1736,26,1736,0.0313591,0.888041,0.900534,0.52425,0.285098,0.565812,0.163471,0.571691,0.160869,0.81965
MT:1811,26,1811,0.736523,5.14E-19,0.0312327,0.662944,0.481889,0.00975433,0.139108,0.0947448,0.39535,0.0344968
MT:1850,26,1850,3.96E-10,2.02E-23,0.964871,0.0173798,2.10E-05,0.146987,0.315833,0.343063,0.687955,0.135588
MT:2141,26,2141,0.00638016,0.000778488,0.252919,0.286218,0.398568,0.981332,0.0740326,0.842858,0.763152,0.696941
MT:2158,26,2158,7.93E-56,8.32E-28,0.00186185,0.000396917,0.0130946,3.08E-06,0.263688,5.06E-07,0.603546,0.295292
MT:2217,26,2217,1.73E-13,0.0148892,0.744946,5.83E-11,0.208169,0.149216,0.832906,0.352864,0.368863,0.00744412
MT:2218,26,2218,3.21E-22,3.92E-06,0.077554,0.642484,0.000150484,0.00380921,0.268965,0.108554,0.474878,0.534663
MT:2259,26,2259,0.41189,0.0153512,0.000754208,4.00E-10,0.0573217,0.0305623,0.931065,0.762838,0.0185243,0.225328
MT:2264,26,2264,0.469093,0.60784,0.647831,0.873759,0.0685586,0.100834,0.206734,0.368497,0.363256,0.579161
MT:2294,26,2294,2.83E-05,0.000304731,0.0502224,0.422547,0.606821,0.303938,0.0633549,0.530961,0.495424,0.339352
MT:2308,26,2308,1.06E-06,0.889051,0.998882,0.353272,0.0744436,1.47E-05,0.411582,0.602613,0.39885,0.427138
MT:2416,26,2416,0.00206711,0.0738915,0.0795241,0.956225,0.0569411,0.0590097,0.992265,0.259553,0.251501,0.600681
MT:2483,26,2483,0.00743962,5.37E-06,0.494904,0.00376899,0.00670241,0.609765,0.991031,0.0749771,0.888627,0.829119
MT:2526,26,2526,3.50E-06,4.94E-05,0.667275,0.00563828,0.703809,0.281375,0.178269,0.0978713,0.187439,0.0878675
MT:2701,26,2701,0.000144915,5.54E-05,0.389199,0.976858,0.366559,0.00518927,0.917045,0.619675,0.416336,0.207753
MT:2706,26,2706,5.50E-15,7.29E-34,0.0294761,0.0529769,0.860907,0.292868,0.598326,0.0902634,0.651807,0.215199
MT:2758,26,2758,0.000767873,0.60375,0.0261256,0.773393,0.0250395,0.0013676,0.856983,0.259602,0.809978,0.531563
MT:2850,26,2850,0.043434,0.00133303,0.0733476,0.120257,0.620256,0.569357,0.0381074,0.147355,0.0720459,0.504516
MT:2863,26,2863,0.0116882,0.0687102,0.304047,0.0370163,0.165095,0.000687617,0.587223,0.748,0.731764,0.274387
MT:2885,26,2885,0.232303,0.0216841,0.144931,0.900247,0.982069,0.610996,0.935897,0.042657,0.330992,0.128794
MT:2911,26,2911,0.44678,0.573209,0.221632,0.13476,0.884864,0.527593,0.146652,0.372013,0.0651262,0.0919388
MT:3010,26,3010,4.51E-12,1.50E-05,0.63825,7.39E-06,0.762495,2.83E-14,0.228248,0.000938406,0.189485,0.0762055
MT:3027,26,3027,0.000304264,4.17E-10,4.01E-07,0.0723944,6.95E-06,0.0160698,0.306151,0.00552848,0.483266,0.622553
MT:3192,26,3192,1.10E-13,0.000430518,0.668734,0.315996,0.285291,0.0281049,0.499009,0.866333,0.0118288,0.25237
MT:3197,26,3197,1.23E-07,0.0666058,0.00640621,0.0954699,0.119751,0.0181944,0.384162,0.0388991,0.704686,0.784595
MT:3308,26,3308,0.190387,7.44E-05,0.00605476,0.483379,4.73E-05,2.23E-06,0.338608,0.173339,0.756883,0.402291
MT:3311,26,3311,1.12E-06,8.26E-08,0.141692,0.562597,0.000260586,0.00012569,0.47085,0.93444,0.705463,0.108893
MT:3316,26,3316,0.00337449,1.83E-14,0.689533,0.610342,0.225942,0.0266011,0.786891,0.0838838,0.723342,0.218393
MT:3348,26,3348,4.18E-14,0.775589,2.52E-08,0.00364103,0.041452,0.00539619,0.219438,0.603889,0.772321,0.854212
MT:3394,26,3394,1.16E-16,0.0194111,0.411642,0.892238,3.65E-05,2.50E-05,0.31068,0.834393,0.00605062,0.32159
MT:3395,26,3395,0.379914,0.317123,0.612799,0.496558,0.111101,0.00647857,0.644649,0.614459,0.347505,0.984492
MT:3423,26,3423,0.213062,0.154571,0.930588,0.0633918,0.383194,0.00868885,0.403734,0.177035,0.122211,0.353509
MT:3447,26,3447,3.77E-09,6.34E-22,0.967242,0.00573895,4.49E-05,0.164527,0.299591,0.41796,0.698406,0.182733
MT:3480,26,3480,0.0904692,7.37E-14,9.76E-08,0.937462,0.00518467,4.52E-07,0.0727134,0.00153195,0.597666,0.00214171
MT:3505,26,3505,3.54E-05,3.65E-07,3.75E-05,8.56E-11,0.997247,0.444349,0.146841,0.963161,0.371223,0.191115
MT:3531,26,3531,0.223919,0.00352794,0.00110772,5.46E-13,0.011192,1.02E-07,0.495972,0.163076,0.820827,0.412318
MT:3594,26,3594,4.87E-08,0.00494445,0.914832,0.517232,0.697109,0.00488577,0.637594,0.408099,0.657742,0.903183
MT:3612,26,3612,1.91E-06,2.02E-05,0.589946,0.616909,0.945307,0.0515861,0.195247,0.0926446,0.116274,0.812344
MT:3645,26,3645,0.0125348,0.124475,0.0646474,0.141536,0.0109046,0.00170115,0.630118,0.316795,0.17938,0.983854
MT:3666,26,3666,6.76E-12,0.000106027,0.0781761,0.580914,0.136607,0.00267478,0.558596,0.951392,0.148158,0.098741
MT:3697,26,3697,0.162074,0.0299888,0.0117565,0.000202098,0.0139271,3.66E-08,0.674721,0.288248,0.92332,0.0699621
MT:3720,26,3720,1.68E-06,1.15E-06,0.142737,0.531768,0.000200399,0.788263,0.46009,0.0724491,0.22421,0.803295
MT:3721,26,3721,0.400722,0.0801444,0.389445,0.989101,0.890812,0.00891255,0.713414,0.190889,0.0189826,0.126545
MT:3736,26,3736,0.172861,0.213547,0.299181,0.000619466,0.00511867,0.0264485,0.711245,0.823187,0.574661,0.466179
MT:3738,26,3738,0.904431,0.99086,0.103242,0.659819,0.812629,0.98024,0.575714,0.61102,0.898084,0.352611
MT:3741,26,3741,2.20E-35,5.38E-15,0.663784,0.0162105,2.76E-06,0.325508,0.297615,0.796526,0.965878,0.760119
MT:3777,26,3777,3.46E-07,1.10E-06,0.229222,0.0024476,0.324031,0.0116868,0.836802,0.145143,0.48605,0.328467
MT:3796,26,3796,8.51E-28,1.13E-115,0.0252864,1.43E-08,3.05E-26,6.37E-36,0.265499,0.565801,0.213835,0.332237
MT:3822,26,3822,0.565148,0.550813,0.868907,0.470219,0.0792977,0.989595,0.968035,0.403649,0.83388,0.106206
MT:3834,26,3834,0.00179756,3.17E-15,0.00328689,0.241184,0.0805878,0.471649,0.775824,0.868076,0.300318,0.343412
MT:3866,26,3866,0.0625683,3.84E-05,0.106201,0.72265,7.02E-05,0.0398889,0.676396,0.160166,0.615309,0.869542
MT:3892,26,3892,0.0610497,0.0730409,0.241029,0.212378,0.241574,0.85573,0.087539,0.800021,0.436944,0.272439
MT:3915,26,3915,0.868769,0.915351,0.150582,1.87E-21,0.568441,0.738919,0.978954,0.918632,0.294016,0.101331
MT:3936,26,3936,0.000486112,0.000177985,0.580983,0.00320251,1.16E-06,0.5911,0.048541,0.758652,0.501383,0.378047
MT:3949,26,3949,0.000206329,0.161716,0.209314,0.129654,0.494348,0.350621,0.26203,0.442316,0.746375,0.324379
MT:3984,26,3984,1.06E-05,1.48E-06,0.000646289,0.000788972,0.0308534,7.22E-05,0.656647,0.0655087,0.898789,0.0469464
MT:3990,26,3990,4.29E-26,1.02E-28,0.000361408,1.54E-50,0.198303,2.39E-12,0.307948,0.106946,0.109699,0.926887
MT:3992,26,3992,8.99E-12,0.071667,0.00104463,2.31E-15,0.00491642,0.0283379,0.168123,0.456083,0.551972,0.124729
MT:4024,26,4024,1.73E-13,0.190938,0.0240752,1.37E-09,0.000121516,0.000137471,0.888922,0.057706,0.767873,0.306763
MT:4065,26,4065,1.42E-09,1.43E-11,0.000668927,0.00117644,5.36E-07,7.43E-16,0.0138163,0.37057,0.0754725,0.02104
MT:4093,26,4093,5.47E-17,7.11E-07,5.06E-07,1.28E-06,0.467211,5.46E-05,0.49578,0.477692,0.766963,0.75261
MT:4095,26,4095,8.81E-07,1.43E-11,0.0876208,0.0583449,9.07E-05,0.0102503,0.24786,0.197044,0.564976,0.946982
MT:4104,26,4104,0.0457638,4.23E-10,0.00305688,0.733351,0.327789,0.287122,0.52878,0.552742,0.204131,0.414375
MT:4171,26,4171,1.19E-07,9.48E-05,0.0121767,0.000210745,0.000308643,0.0944485,0.0464897,0.38556,0.713204,0.832189
MT:4188,26,4188,1.20E-41,0.0492021,0.816321,0.00164072,0.00879426,3.35E-08,0.912377,0.113878,0.0582163,0.322955
MT:4216,26,4216,5.40E-14,0.0221458,0.160023,0.0135301,0.324372,3.46E-05,0.725652,0.00196089,0.612572,0.656666
MT:4295,26,4295,1.46E-05,5.59E-20,0.989485,1.25E-05,0.000652403,0.62038,0.331549,0.352306,0.580262,0.575727
MT:4310,26,4310,0.00247511,0.264757,0.957803,0.03313,0.48785,0.399658,0.634154,0.175402,0.633533,0.738091
MT:4336,26,4336,7.87E-42,1.16E-39,0.000320505,0.00322891,3.52E-05,0.0154632,0.143142,0.905647,0.0380529,0.668308
MT:4350,26,4350,0.869607,0.0232801,0.46735,0.0885422,0.704645,0.895216,0.852296,0.269497,0.532385,0.868793
MT:4363,26,4363,0.0156812,0.408512,0.00510468,0.000175257,0.0479273,1.25E-06,0.451246,0.988569,0.0409814,0.56911
MT:4371,26,4371,0.0274227,0.0378991,0.197723,0.206124,0.00943485,0.326463,0.459285,0.196862,0.0547674,0.199894
MT:4418,26,4418,1.52E-45,6.35E-15,0.210204,0.927132,0.0563898,0.000968171,0.517059,0.819695,0.957118,0.909755
MT:4529,26,4529,1.45E-25,2.41E-22,0.00344347,6.31E-12,0.417431,0.252119,0.571234,0.455118,0.75199,0.665147
MT:4561,26,4561,8.56E-10,0.624359,4.39E-08,8.08E-23,0.000828966,0.0181031,0.733675,0.00291588,0.488489,0.150672
MT:4577,26,4577,7.33E-06,6.69E-05,0.758886,0.812031,0.274937,0.488368,0.161994,0.356408,0.843611,0.811781
MT:4580,26,4580,5.13E-12,3.38E-05,0.00445502,0.75205,0.0120039,0.117732,0.372828,0.210924,0.218629,0.860914
MT:4592,26,4592,1.33E-08,0.270762,0.513891,0.225372,0.149254,0.00540571,0.428451,0.76236,0.00779309,0.341785
MT:4639,26,4639,8.89E-17,3.77E-19,0.915492,0.121392,0.0178509,8.87E-18,0.475554,0.137914,0.000363895,0.866839
MT:4646,26,4646,0.00025505,0.0033566,0.000393635,0.187907,0.000144498,1.84E-05,0.445228,0.344646,0.65327,0.959128
MT:4695,26,4695,0.890317,0.798573,0.769615,0.00192373,0.707637,0.352167,0.807139,0.814905,0.324198,0.0752766
MT:4703,26,4703,2.11E-06,3.88E-05,0.063129,0.413894,0.583437,0.19827,0.0733863,0.479011,0.535047,0.268262
MT:4715,26,4715,0.118304,0.0920774,0.948515,0.0885399,0.366847,0.525688,0.565633,0.598519,0.277291,0.03705
MT:4727,26,4727,0.888735,0.115146,0.0681838,4.58E-18,0.254433,0.112656,0.736177,0.859245,0.29677,0.4254
MT:4751,26,4751,1.63E-05,3.36E-06,1.11E-07,0.615218,1.40E-11,5.31E-09,0.38848,0.497979,0.710949,0.0686852
MT:4760,26,4760,0.0179583,0.670396,0.503394,0.550319,0.0564127,0.471887,0.349051,0.475461,0.944751,0.430478
MT:4769,26,4769,0.343782,0.309295,0.136739,1.86E-07,0.12699,0.512192,0.0378805,0.250178,0.462667,0.70919
MT:4787,26,4787,2.25E-11,1.50E-09,0.0989614,1.69E-05,0.122661,0.000346697,0.291198,0.221105,0.328509,0.421627
MT:4790,26,4790,0.0313653,0.149895,0.250193,0.0139819,0.639058,0.226739,0.832458,0.67783,0.800263,0.214559
MT:4793,26,4793,0.708355,0.00187002,0.0220071,0.166126,0.0751805,0.91765,0.254983,0.968036,0.239291,0.762073
MT:4820,26,4820,0.152598,1.16E-05,0.0917589,0.000564183,0.055677,0.032558,0.0870831,0.0353877,0.343358,0.714727
MT:4824,26,4824,0.0460477,0.0919903,0.241429,0.979412,0.0968635,0.380206,0.429407,0.889362,0.103376,0.0562468
MT:4883,26,4883,0.00091851,0.033986,4.67E-05,0.00668717,0.00644974,0.589944,0.188567,0.906356,0.734791,0.618949
MT:4908,26,4908,0.219641,0.299077,0.229681,0.00158409,0.390607,0.0792543,0.672214,0.995648,0.615601,0.347796
MT:4917,26,4917,2.23E-10,5.39E-07,0.496049,0.688953,0.00535517,5.18E-06,0.481316,0.841876,0.478201,0.0200684
MT:4964,26,4964,0.201573,0.00311558,0.92486,0.142731,0.795853,0.521833,0.793446,0.430568,0.229348,0.226825
MT:5004,26,5004,1.45E-21,4.72E-05,0.173817,1.53E-06,0.00531835,0.000100574,0.740008,0.0575931,0.594883,0.369418
MT:5012,26,5012,0.000671887,7.38E-05,0.260857,0.00378424,0.51587,0.0227427,0.493882,0.613993,0.345433,0.0214183
MT:5046,26,5046,6.95E-06,3.88E-07,1.77E-05,6.05E-11,0.77226,0.736808,0.11958,0.926134,0.334234,0.137311
MT:5111,26,5111,0.947726,0.0207214,0.915361,0.00507455,0.219992,0.0122976,0.168534,0.41505,0.905821,0.424568
MT:5147,26,5147,0.280369,0.000149766,0.974763,0.000109992,0.968622,0.00075352,0.450569,0.0872216,0.197447,0.287821
MT:5178,26,5178,6.22E-05,0.0100936,0.0357871,0.111988,0.045596,0.271615,0.370906,0.551278,0.069011,0.300775
MT:5231,26,5231,3.23E-06,0.145828,0.990008,1.02E-06,0.461891,0.968852,0.459566,0.614047,0.114544,0.027195
MT:5240,26,5240,0.336697,0.487229,0.0676572,0.842292,0.740707,0.858272,0.61837,0.50281,0.948,0.311379
MT:5263,26,5263,0.000451554,0.0178709,0.000326595,0.00049385,0.00960637,0.00691139,0.352446,0.824079,0.404322,0.198784
MT:5277,26,5277,0.27044,6.34E-05,0.699371,7.83E-08,0.429528,0.00119266,0.447694,0.0045563,0.488908,0.288728
MT:5302,26,5302,0.00713111,0.922782,0.270183,0.500677,0.344821,0.42838,0.629636,0.209349,0.380215,0.0945729
MT:5360,26,5360,3.35E-33,8.28E-13,0.775757,0.0233486,4.63E-06,0.387015,0.395687,0.97778,0.949969,0.647455
MT:5369,26,5369,0.000671887,7.38E-05,0.260857,0.00378424,0.51587,0.0227427,0.493882,0.613993,0.345433,0.0214183
MT:5378,26,5378,9.31E-11,0.00194341,0.0716587,0.00139926,0.00201575,0.0874298,0.998885,0.201693,0.161265,0.9207
MT:5390,26,5390,1.90E-07,3.67E-07,0.151889,0.679548,0.000520778,0.594787,0.449922,0.0949368,0.24552,0.744524
MT:5427,26,5427,0.00134624,7.78E-10,0.740474,0.0194069,0.000227328,2.83E-05,0.0463637,0.756447,0.931028,0.603995
MT:5442,26,5442,1.23E-09,0.232376,0.141027,0.00138391,0.0304482,3.58E-05,0.975357,0.131266,0.110744,0.795148
MT:5495,26,5495,0.170578,0.0492962,0.140764,0.053919,0.414585,0.653086,0.0975851,0.942561,0.244751,0.614423
MT:5496,26,5496,2.41E-21,3.28E-23,0.000669187,8.56E-06,0.00447837,0.276366,0.0653268,0.619562,0.674817,0.870934
MT:5583,26,5583,2.15E-05,5.59E-07,2.23E-05,0.0491938,0.0659935,0.642366,0.418498,0.0198597,0.324358,0.928101
MT:5633,26,5633,9.37E-05,0.00118768,0.870186,0.0371607,0.276317,0.587461,0.910796,0.937796,0.760197,0.33993
MT:5656,26,5656,0.0781976,3.00E-06,0.353618,7.70E-31,0.00158559,0.152096,0.919335,0.0480366,0.0103311,0.691196
MT:5773,26,5773,0.0235541,0.00329945,0.104055,2.10E-05,0.23251,0.000155127,0.860283,0.151391,0.697482,0.168362
MT:5913,26,5913,1.28E-10,0.502444,0.57362,4.15E-06,0.523069,0.190939,0.469377,0.053092,0.838981,0.638816
MT:5922,26,5922,0.299175,0.0790019,0.392152,0.0136046,0.220224,0.602688,0.988978,0.844114,0.754732,0.943119
MT:5951,26,5951,0.0412755,0.0036602,0.559594,0.406408,0.131232,0.568189,0.977015,0.0193783,0.193364,0.790897
MT:5999,26,5999,3.37E-05,0.126139,0.00171977,0.636631,1.02E-06,0.000518657,0.899302,0.909961,0.749986,0.918186
MT:6002,26,6002,2.79E-14,5.76E-12,0.779897,0.202251,0.0292808,0.144699,0.180157,0.880367,0.0378067,0.355649
MT:6047,26,6047,0.000105509,0.00451314,0.00084926,0.383134,2.72E-06,0.000615692,0.732296,0.747353,0.97826,0.629884
MT:6120,26,6120,0.107444,0.375008,0.35054,0.0076133,0.334677,0.065172,0.529601,0.136551,0.241963,0.42741
MT:6185,26,6185,0.136448,0.295478,0.666953,0.478809,0.0211193,0.420098,0.360207,0.375387,0.416037,0.184011
MT:6221,26,6221,9.32E-05,0.0584301,0.271584,0.0485859,0.940284,0.542202,0.572587,0.0160358,0.233381,0.447979
MT:6227,26,6227,5.56E-11,1.28E-25,0.000113641,1.93E-47,0.302292,1.10E-08,0.482848,0.362358,0.120525,0.567268
MT:6253,26,6253,0.00030695,0.187121,0.90593,0.000604531,0.0820127,0.688685,0.0465231,0.965009,0.197877,0.689506
MT:6272,26,6272,1.52E-44,9.38E-33,0.000964855,1.53E-09,0.000335205,0.0021381,0.708524,0.450161,0.531441,0.623478
MT:6297,26,6297,0.834201,0.385781,0.763117,0.0937085,0.419805,0.0312739,0.661949,0.413906,0.900677,0.16353
MT:6371,26,6371,0.0135487,0.517149,0.221862,0.0165353,0.0755411,0.382911,0.613633,0.0627481,0.422288,0.979406
MT:6386,26,6386,0.329665,0.0498446,0.189111,0.6382,0.120632,0.736004,0.926117,0.84334,0.944538,0.774845
MT:6392,26,6392,0.243882,0.620003,0.20892,0.987851,0.670375,0.972087,0.465374,0.914881,0.99799,0.195278
MT:6455,26,6455,0.730191,0.687782,0.0558231,0.382122,0.608745,0.925683,0.955223,0.726268,0.820495,0.152194
MT:6489,26,6489,0.0876981,3.82E-05,0.560548,4.06E-08,0.44631,0.00466254,0.539536,0.00756392,0.461145,0.319044
MT:6528,26,6528,0.291712,0.0397682,0.0915787,0.000136154,0.0752795,1.24E-09,0.737888,0.222995,0.03465,0.0055728
MT:6546,26,6546,1.13E-14,1.67E-05,0.588961,0.036543,0.28948,0.295618,0.0971609,0.487975,0.138702,0.789284
MT:6584,26,6584,2.15E-05,5.59E-07,2.23E-05,0.0491938,0.0659935,0.642366,0.418498,0.0198597,0.324358,0.928101
MT:6734,26,6734,2.01E-16,1.06E-29,0.000533704,1.96E-50,0.107236,1.61E-07,0.220389,0.256589,0.130634,0.981527
MT:6752,26,6752,0.00656637,1.93E-15,0.350351,0.000694075,8.21E-06,4.37E-05,0.757244,0.301003,0.477775,0.200241
MT:6776,26,6776,5.88E-31,1.15E-11,3.46E-05,0.0133979,0.0204151,1.03E-05,0.836338,0.000660263,0.72388,0.62977
MT:6836,26,6836,0.000949181,0.000101042,0.000267542,0.319159,0.040338,0.507444,0.327079,0.0430678,0.180884,0.677773
MT:6845,26,6845,0.144171,0.0646571,0.656504,3.90E-08,0.0750123,0.000106898,0.908141,0.374827,0.083385,0.810871
MT:6953,26,6953,0.00518394,0.285295,0.0267965,0.268709,0.768293,0.902422,0.726877,0.528521,0.418492,0.152922
MT:7028,26,7028,9.65E-13,1.37E-30,0.029746,0.0338859,0.710774,0.172878,0.540494,0.0912791,0.633007,0.261251
MT:7055,26,7055,0.111218,0.682185,0.0302789,0.608333,0.264509,0.905327,0.644177,0.94964,0.535512,0.166186
MT:7175,26,7175,0.0181313,0.837021,0.790395,0.602038,0.184282,0.335075,0.932953,0.211489,0.0820638,0.768686
MT:7226,26,7226,0.00712228,0.00885599,0.429258,0.173593,0.0469186,0.222306,0.245907,0.92295,0.326894,0.429329
MT:7256,26,7256,5.68E-08,0.934183,0.469679,0.830675,0.979149,0.00677694,0.966872,0.0754588,0.319398,0.752846
MT:7476,26,7476,0.00670538,1.47E-08,0.991434,5.12E-05,0.0019207,0.197869,0.655893,0.591651,0.886829,0.770516
MT:7502,26,7502,0.021951,0.0690478,0.512605,0.219883,0.66661,0.338327,0.163872,0.429887,0.82945,0.947169
MT:7521,26,7521,0.00401251,0.0435506,0.842439,0.126131,0.665152,0.0831358,0.913569,0.802812,0.122943,0.740832
MT:7559,26,7559,0.00642063,0.162488,0.100162,0.502666,1.15E-08,6.74E-16,0.132074,0.0494619,0.0226943,0.580093
MT:7567,26,7567,2.08E-12,0.00134164,0.953468,0.0578916,0.0302824,0.563403,0.528118,0.801688,0.157816,0.767581
MT:7645,26,7645,0.881239,1.54E-08,0.00940338,1.53E-10,0.648226,0.0164958,0.327339,0.304314,0.695547,0.72982
MT:7657,26,7657,1.53E-06,0.105187,0.77676,0.607168,0.087419,0.451081,0.852131,0.747402,0.331414,0.711077
MT:7729,26,7729,2.45E-05,1.15E-06,0.367678,0.00141552,0.190164,0.0149008,0.704705,0.256479,0.373205,0.253123
MT:7746,26,7746,1.13E-05,0.516734,0.803382,0.308923,0.0797783,0.0171828,0.157476,0.515014,0.94824,0.551945
MT:7768,26,7768,0.00922343,0.000834404,0.755478,0.00163361,0.000550653,0.0859641,0.902837,0.0280761,0.015788,0.388661
MT:7789,26,7789,1.64E-13,9.85E-20,0.928255,0.00357439,8.26E-06,0.129665,0.293632,0.335572,0.637145,0.25712
MT:7831,26,7831,0.226329,0.403748,0.104757,0.0535859,0.0129206,0.444589,0.334063,0.196532,0.168611,0.540445
MT:7864,26,7864,0.0131271,0.000233432,0.400883,0.000572999,0.000753795,1.26E-10,0.705464,0.542795,0.631347,0.872961
MT:7887,26,7887,0.0274227,0.0378991,0.197723,0.206124,0.00943485,0.326463,0.459285,0.196862,0.0547674,0.199894
MT:7963,26,7963,5.15E-09,0.049032,0.872108,0.00537508,0.439104,0.0269954,0.50457,0.734619,0.849753,0.173381
MT:8137,26,8137,6.23E-40,1.42E-09,0.670349,0.0777023,5.06E-07,0.283209,0.329737,0.897552,0.731899,0.712344
MT:8206,26,8206,2.66E-05,0.123586,0.0214753,0.628914,0.362962,0.10155,0.710221,0.664806,0.0769136,0.798541
MT:8247,26,8247,0.0443207,0.547987,0.491845,0.955177,0.270086,0.0595832,0.479534,0.277102,0.338509,0.901103
MT:8251,26,8251,3.29E-07,4.62E-06,0.342885,0.0973452,0.765664,0.286641,0.351775,0.652253,0.462211,0.391486
MT:8269,26,8269,8.25E-71,5.11E-34,0.566196,0.00024517,0.275124,0.369477,0.152298,2.81E-07,0.981539,0.252378
MT:8296,26,8296,0.000533832,0.0920898,0.00442648,0.383622,0.280003,0.927107,0.681046,0.237085,0.431803,0.139975
MT:8393,26,8393,5.46E-07,0.00411726,0.11479,5.51E-05,0.261756,0.209829,0.408783,0.968237,0.678976,0.447031
MT:8395,26,8395,2.02E-09,2.69E-05,0.727835,0.00728513,0.478937,0.0235517,0.651385,0.887956,0.0978835,0.544692
MT:8448,26,8448,7.39E-06,4.88E-24,0.848742,4.76E-11,0.00110472,1.32E-08,0.281443,0.513646,0.774504,0.262025
MT:8516,26,8516,3.74E-06,0.0177832,0.38452,0.175745,0.359429,0.0745758,0.139753,0.126308,0.751872,0.0366246
MT:8533,26,8533,0.0160501,1.56E-12,0.182197,2.15E-06,9.16E-11,2.33E-18,0.989708,0.201971,0.997321,0.243237
MT:8547,26,8547,7.86E-06,0.629943,0.355533,0.328873,0.898335,0.00901917,0.0358303,0.37405,0.0629103,0.25784
MT:8563,26,8563,1.87E-08,1.88E-18,4.57E-05,1.83E-40,0.608754,3.30E-07,0.465586,0.182024,0.130456,0.934945
MT:8598,26,8598,6.52E-13,1.68E-09,0.0282428,0.535379,0.782848,0.467402,0.308738,0.000753633,0.0180817,0.40211
MT:8616,26,8616,8.58E-27,1.29E-28,0.00035641,6.51E-50,0.331829,7.23E-12,0.425814,0.163289,0.0797967,0.998422
MT:8653,26,8653,0.0307291,0.0407876,0.165542,0.0617277,0.0788123,0.00110877,0.667484,0.735079,0.941006,0.276732
MT:8655,26,8655,1.28E-18,0.0581341,0.000455043,0.298743,0.871067,3.02E-07,0.406528,0.0102208,0.293937,0.523799
MT:8684,26,8684,2.20E-35,5.38E-15,0.663784,0.0162105,2.76E-06,0.325508,0.297615,0.796526,0.965878,0.760119
MT:8697,26,8697,6.25E-10,0.000429824,0.697993,0.646197,0.0021741,0.000128225,0.427297,0.909766,0.897762,0.0591397
MT:8734,26,8734,0.872678,0.426706,0.307421,0.788041,0.689032,0.00126858,0.726847,0.181096,0.0299548,0.165349
MT:8768,26,8768,7.95E-07,0.959548,0.96034,0.330367,0.0582647,1.04E-05,0.403099,0.597043,0.365944,0.445029
MT:8853,26,8853,8.37E-08,0.00012456,0.64192,0.223272,0.910543,0.0332724,0.755173,0.220488,0.973651,0.407733
MT:8869,26,8869,1.78E-08,0.0795089,7.64E-06,1.45E-13,7.30E-16,0.988327,0.406371,0.0607347,0.377314,0.694435
MT:8901,26,8901,0.255748,0.521474,0.61869,0.0112526,0.470603,0.000438,0.342484,0.743763,0.442652,0.338726
MT:8938,26,8938,1.07E-08,3.23E-05,0.0310615,0.561729,0.136739,0.935685,0.406914,0.237107,0.90052,0.109276
MT:8958,26,8958,0.00140515,0.683534,0.964918,0.0217289,0.173523,0.0406482,0.871514,0.176631,0.593003,0.73157
MT:8994,26,8994,7.03E-16,3.85E-12,8.98E-05,4.76E-10,0.740393,0.171378,0.568875,0.677816,0.343448,0.125584
MT:9042,26,9042,0.00360932,0.174895,0.00138839,0.913052,0.0660385,0.000815609,0.747569,0.0347153,0.243387,0.690389
MT:9055,26,9055,0.240072,6.48E-11,3.09E-09,0.14506,0.000394291,5.19E-09,0.0703623,0.00148251,0.741788,0.00214047
MT:9072,26,9072,0.889312,0.625208,0.659378,0.000111073,0.484695,0.294108,0.693283,0.923319,0.187221,0.621203
MT:9093,26,9093,2.67E-19,1.18E-11,0.0629061,0.200259,0.369011,0.289313,0.377502,0.546871,0.559157,0.756361
MT:9094,26,9094,5.92E-07,4.65E-08,3.50E-16,0.184902,8.10E-23,5.79E-17,0.916777,0.273334,0.232284,0.410874
MT:9096,26,9096,3.06E-07,9.17E-08,0.173701,0.666781,0.000112249,0.000213138,0.472533,0.927401,0.782296,0.129556
MT:9114,26,9114,1.69E-29,5.13E-25,0.000163255,7.86E-14,4.92E-06,2.77E-18,0.985897,0.000614439,0.29446,0.736272
MT:9117,26,9117,0.05529,0.0165249,0.197353,0.30833,0.582826,0.905653,0.0597792,0.948081,0.911178,0.652673
MT:9123,26,9123,1.31E-14,0.00070211,0.228535,1.29E-06,0.0309848,0.00355189,0.766189,0.0110082,0.729895,0.169473
MT:9156,26,9156,4.83E-07,0.114172,0.781801,0.058706,0.112311,0.340372,0.0285826,0.8919,0.0890098,0.324103
MT:9168,26,9168,0.174604,0.00574446,0.0100133,0.225167,0.00235308,2.58E-06,0.898358,0.27195,0.0946469,0.603953
MT:9221,26,9221,2.90E-06,9.69E-06,0.031193,1.62E-08,0.000949799,4.38E-06,0.340243,0.00179708,0.696325,0.282271
MT:9365,26,9365,0.838979,0.899518,0.186424,0.783598,0.770549,0.929177,0.46325,0.843702,0.91903,0.251605
MT:9377,26,9377,6.36E-08,8.54E-21,0.331962,1.30E-07,0.000832255,0.0003728,0.975884,0.620461,0.369956,0.901451
MT:9380,26,9380,0.687391,0.137431,0.0971827,1.87E-17,0.388324,0.121211,0.735598,0.853983,0.312204,0.466479
MT:9383,26,9383,0.270783,0.00465932,0.00784568,0.743035,0.000480666,0.980749,0.662986,0.0313894,0.240203,0.106696
MT:9407,26,9407,0.00400862,0.19673,0.00163422,0.000667616,0.0488483,0.00273222,0.368977,0.289632,0.229157,0.50829
MT:9477,26,9477,7.74E-08,0.0159534,0.000532811,0.102375,0.071389,0.000523829,0.189078,0.0131421,0.279597,0.523406
MT:9647,26,9647,0.000337397,0.0208087,0.280474,0.39221,0.544026,0.000598246,0.782548,0.181893,0.719556,0.776445
MT:9667,26,9667,0.233614,4.01E-07,0.667172,0.00182005,0.00077821,8.04E-06,0.46209,0.420526,0.426968,0.489853
MT:9698,26,9698,0.043784,1.98E-12,0.00104543,0.0145363,0.0689527,0.000138728,0.0666348,0.0312357,0.982638,0.00329998
MT:9716,26,9716,0.492401,0.0494447,1.02E-05,1.71E-06,0.00877258,0.00690847,0.83564,0.0105963,0.181122,0.9527
MT:9800,26,9800,2.45E-05,1.15E-06,0.367678,0.00141552,0.190164,0.0149008,0.704705,0.256479,0.373205,0.253123
MT:9815,26,9815,0.0260509,0.044084,0.183318,0.0563027,0.0890012,0.000997595,0.653161,0.736601,0.905547,0.275195
MT:9899,26,9899,6.03E-05,0.01837,0.0128441,0.00326668,0.0553983,0.0226835,0.64954,0.261162,0.251932,0.412532
MT:9944,26,9944,3.66E-10,3.16E-24,6.74E-05,3.13E-47,0.294438,6.66E-09,0.442515,0.320927,0.118374,0.690096
MT:9950,26,9950,0.00128165,4.18E-09,0.202992,0.802915,4.33E-09,5.86E-09,0.0722095,0.297047,0.476119,0.112086
MT:9962,26,9962,0.625064,0.893145,0.464304,0.0442934,0.504274,4.99E-06,0.182491,0.419659,0.917239,0.620613
MT:10034,26,10034,1.39E-19,1.37E-17,0.00882701,1.29E-14,0.195471,0.866942,0.974976,0.468106,0.833729,0.805442
MT:10044,26,10044,2.79E-18,0.0189445,0.0341721,5.12E-12,4.90E-07,2.45E-12,0.682765,0.435986,0.867909,0.506743
MT:10081,26,10081,0.573507,0.0464546,0.297006,0.00968599,0.529849,0.91756,0.819162,0.491583,0.554596,0.110602
MT:10084,26,10084,0.0143068,0.00424098,0.000265153,1.12E-25,2.01E-10,0.00207404,0.900254,0.127809,0.69449,0.152014
MT:10142,26,10142,6.01E-21,9.43E-10,0.125339,0.00196262,0.0765623,0.704461,0.461002,0.608294,0.680092,0.450328
MT:10154,26,10154,0.0718913,0.0290541,0.541922,1.16E-07,0.0837511,9.62E-05,0.790688,0.338261,0.101455,0.617936
MT:10160,26,10160,0.00564358,0.102815,0.00788978,0.692161,0.00260558,0.0202073,0.224845,0.819197,0.361846,0.463783
MT:10172,26,10172,0.00959642,0.00775586,0.614215,0.0291112,0.0873735,0.409033,0.750538,0.960976,0.733166,0.296372
MT:10188,26,10188,0.738268,0.969174,0.680953,4.70E-06,0.589207,0.000234362,0.0220451,0.0465457,0.350972,0.152114
MT:10217,26,10217,0.71198,8.11E-20,0.0147436,3.37E-08,0.0109205,1.15E-11,0.804114,0.0504658,0.670128,0.769943
MT:10238,26,10238,4.65E-25,2.40E-25,0.0120123,7.31E-16,0.676278,0.036891,0.85331,0.142334,0.827035,0.907028
MT:10289,26,10289,0.518764,0.781035,0.258455,0.0125276,0.927735,2.96E-05,0.260094,0.455713,0.777006,0.613318
MT:10310,26,10310,1.83E-07,0.00678073,0.214835,0.000154778,0.0598891,0.00120669,0.402799,0.138966,0.983138,0.493042
MT:10321,26,10321,0.0700895,0.00209109,0.571139,0.445513,0.203688,0.053124,0.169667,0.610137,0.60416,0.379384
MT:10394,26,10394,3.12E-09,9.23E-14,0.692078,0.541409,0.626336,0.276824,0.361617,0.896045,0.534814,0.515471
MT:10397,26,10397,0.0454249,0.732977,0.00320803,3.58E-32,0.000583127,0.277937,0.560689,0.144711,0.383362,0.30264
MT:10398,26,10398,3.07E-64,6.96E-46,0.0429243,0.00364954,0.0200918,0.153155,0.280674,5.88E-07,0.296561,0.00726869
MT:10400,26,10400,1.96E-16,3.16E-11,5.82E-14,0.807442,1.09E-14,2.98E-21,0.00974708,0.656343,0.117778,0.862292
MT:10463,26,10463,4.90E-07,1.43E-05,0.85996,0.00153597,0.0443249,4.28E-06,0.317945,0.665986,0.631978,0.0288311
MT:10499,26,10499,2.72E-11,9.22E-21,0.840253,0.000591522,1.19E-05,0.0451082,0.217887,0.309077,0.87476,0.105941
MT:10550,26,10550,0.0323281,2.42E-13,6.13E-08,0.761791,0.00325109,2.25E-07,0.0615946,0.00119308,0.67231,0.00304984
MT:10688,26,10688,0.00968851,0.0269337,4.77E-06,0.871936,0.00252659,0.000325191,0.844209,0.108809,0.511098,0.513071
MT:10733,26,10733,0.616969,0.927316,0.0475671,0.603975,0.763025,0.806487,0.542249,0.47073,0.932815,0.314427
MT:10810,26,10810,0.742025,0.00224685,0.0173186,0.160708,0.0813923,0.019882,0.481883,0.467463,0.651807,0.323295
MT:10819,26,10819,0.0666169,0.000289118,0.320136,0.0491181,0.401908,0.6638,0.899206,0.539656,0.466619,0.446517
MT:10822,26,10822,0.627989,0.818825,0.97427,0.411096,0.773227,0.893341,0.701618,0.343377,0.323312,0.869033
MT:10849,26,10849,0.00727966,0.278287,0.00300661,0.681787,0.652916,0.909943,0.639736,0.716717,0.583184,0.612086
MT:10873,26,10873,0.000140317,0.00548848,0.339716,0.00469625,0.493355,0.959952,0.596704,0.172185,0.926286,0.949552
MT:10876,26,10876,7.05E-08,4.05E-07,0.134305,0.473293,0.000896746,0.572025,0.388846,0.0898957,0.248102,0.70652
MT:10915,26,10915,1.08E-15,3.95E-20,1.89E-05,1.06E-47,0.428517,7.15E-12,0.188349,0.182372,0.254022,0.608795
MT:11025,26,11025,2.22E-05,3.54E-10,0.902852,6.04E-11,2.98E-06,9.47E-05,0.640442,0.90835,0.686981,0.423695
MT:11065,26,11065,0.021264,0.000346793,0.0218673,0.620273,0.0973647,0.366905,0.00624199,0.81469,0.366028,0.456169
MT:11128,26,11128,0.0260509,0.044084,0.183318,0.0563027,0.0890012,0.000997595,0.653161,0.736601,0.905547,0.275195
MT:11143,26,11143,0.277584,0.89746,0.535291,0.109495,0.905596,0.950456,0.512657,0.943151,0.459559,0.876849
MT:11172,26,11172,0.674991,0.229328,0.851812,0.54191,0.768097,0.35803,0.234499,0.913099,0.31939,0.177478
MT:11251,26,11251,1.50E-17,0.0178095,0.230995,0.0261835,0.807359,0.000106981,0.895773,0.00125964,0.48824,0.463291
MT:11296,26,11296,1.10E-13,0.000430518,0.668734,0.315996,0.285291,0.0281049,0.499009,0.866333,0.0118288,0.25237
MT:11299,26,11299,0.0491848,2.19E-12,9.27E-08,0.812626,0.00243156,7.32E-07,0.0699247,0.00150481,0.703571,0.00257003
MT:11332,26,11332,0.000506703,0.00485006,0.00320804,0.495695,2.43E-05,0.000215207,0.700931,0.806411,0.863039,0.78254
MT:11348,26,11348,3.56E-65,4.46E-77,5.92E-19,0.0829824,2.11E-11,5.80E-27,3.19E-06,1.15E-25,3.83E-05,2.36E-21
MT:11377,26,11377,0.619328,0.000938619,0.122804,0.0178415,0.00530871,0.598697,0.595704,0.974438,0.712001,0.717445
MT:11467,26,11467,5.40E-07,4.62E-07,0.0162924,0.000212413,0.155311,0.00111291,0.71212,0.0361257,0.0378732,0.786691
MT:11470,26,11470,4.94E-55,1.06E-61,2.97E-06,0.0048435,6.66E-14,6.42E-13,0.000193845,4.39E-24,5.80E-07,1.77E-17
MT:11485,26,11485,0.194009,0.248235,0.00957775,0.0610777,0.78471,0.368149,0.00747271,0.815911,0.770128,0.6941
MT:11506,26,11506,2.42E-17,1.18E-13,0.00892285,0.000142246,0.0454045,6.02E-06,0.687331,0.377375,0.223308,0.248473
MT:11530,26,11530,7.95E-07,0.959548,0.96034,0.330367,0.0582647,1.04E-05,0.403099,0.597043,0.365944,0.445029
MT:11674,26,11674,1.72E-06,6.62E-08,2.53E-05,1.59E-12,0.983144,0.382023,0.181974,0.390787,0.17807,0.145651
MT:11719,26,11719,6.84E-18,3.21E-22,0.0174479,0.00140849,0.122619,0.432127,0.868841,0.0444345,0.67495,0.511032
MT:11737,26,11737,0.176769,0.233798,0.208136,0.435414,0.582353,0.00211882,0.747925,0.779919,0.22999,0.759716
MT:11778,26,11778,0.454491,0.0539064,0.920458,0.334559,0.0791446,0.247507,0.0360021,0.507402,0.467535,0.603766
MT:11812,26,11812,3.26E-08,9.62E-11,0.674939,0.869957,0.554804,0.00424675,0.752263,0.280375,0.378374,0.0635052
MT:11840,26,11840,0.000952253,3.11E-14,0.761738,0.000179387,0.000717831,0.709307,0.23033,0.28097,0.515745,0.660724
MT:11899,26,11899,6.08E-24,0.566362,0.000521209,0.446172,1.64E-05,4.47E-05,0.984781,0.0072891,0.378993,0.196268
MT:11914,26,11914,6.04E-35,5.89E-31,8.51E-06,0.664605,8.61E-05,1.31E-12,0.0931131,3.08E-05,0.00075009,1.89E-08
MT:11923,26,11923,0.323601,0.956455,0.694047,0.438863,0.957845,5.18E-06,0.27537,0.494556,0.899735,0.616453
MT:11947,26,11947,6.07E-05,7.57E-07,5.50E-05,8.98E-12,0.914151,0.378901,0.184213,0.939476,0.218004,0.243708
MT:11971,26,11971,4.62E-05,3.15E-06,0.00126025,0.00046373,0.0407401,0.000198118,0.622633,0.082396,0.852214,0.0544055
MT:12007,26,12007,5.00E-55,9.31E-25,0.00231163,0.000187222,0.0300592,1.51E-05,0.13289,1.15E-06,0.594164,0.347582
MT:12076,26,12076,0.0342197,0.852522,0.795442,0.0347564,0.261515,0.873099,0.635252,0.134377,0.611456,0.324089
MT:12097,26,12097,0.540695,0.333159,0.494041,0.0505904,0.0368844,0.5147,0.977973,0.522262,0.422085,0.979945
MT:12234,26,12234,0.220741,0.548612,0.245445,0.0563564,0.149176,0.887329,0.367539,0.155758,0.92908,0.323818
MT:12308,26,12308,0.12088,1.52E-09,0.843134,0.0586816,0.160131,6.50E-06,0.916527,0.675598,0.222062,0.249618
MT:12372,26,12372,0.169363,2.40E-09,0.982836,0.11648,0.141454,2.12E-06,0.873554,0.528188,0.243936,0.2268
MT:12376,26,12376,0.000276354,0.460525,0.0578959,0.329179,0.242406,0.8367,0.937451,0.442662,0.00415657,0.469717
MT:12379,26,12379,4.22E-27,2.87E-15,0.0297549,0.654295,0.845416,0.0163164,0.541965,0.16019,0.171404,0.0745225
MT:12397,26,12397,7.92E-07,0.484998,0.32336,0.00176239,0.697027,0.124635,0.707855,0.344091,0.936656,0.339191
MT:12406,26,12406,0.0633753,0.149688,7.77E-06,2.10E-20,0.730239,0.232992,0.854181,0.859964,0.762999,0.792064
MT:12414,26,12414,2.12E-05,5.95E-07,3.16E-05,9.13E-11,0.960741,0.430958,0.137299,0.996252,0.388478,0.191783
MT:12444,26,12444,0.316773,0.050428,0.749833,0.000664299,0.00459308,0.00367311,0.182796,0.067883,0.452207,0.00776656
MT:12454,26,12454,0.969624,0.888992,0.80016,5.81E-06,0.487044,0.000277868,0.0218715,0.0592023,0.317793,0.186751
MT:12491,26,12491,1.33E-05,0.113126,0.895487,0.187825,0.0448201,0.103877,0.859984,0.692104,0.00280668,0.33226
MT:12501,26,12501,9.18E-23,5.12E-24,0.0222444,3.70E-12,0.47388,0.0716862,0.559123,0.395482,0.985079,0.929948
MT:12570,26,12570,0.0262692,0.873592,0.770124,0.000580588,0.114338,0.0207116,0.618726,0.475179,0.664287,0.954724
MT:12612,26,12612,3.54E-53,1.40E-12,0.521993,0.0029425,0.00924359,0.744248,0.783854,5.36E-06,0.12756,0.229528
MT:12630,26,12630,0.917396,0.000157635,0.0943983,0.076221,0.0366948,0.00373239,0.534167,0.442181,0.917328,0.666673
MT:12633,26,12633,0.476271,0.00156247,0.0445097,0.0809366,1.00E-05,0.00123097,0.334088,0.387784,0.97313,0.139188
MT:12642,26,12642,0.213116,0.00710747,0.119187,0.0629153,0.101324,3.00E-10,0.641766,0.0454971,0.333216,0.786893
MT:12669,26,12669,0.464116,0.0859938,0.988767,0.00746853,0.586127,0.416626,0.359023,0.640464,0.729344,0.999693
MT:12705,26,12705,0.0047477,3.07E-05,0.0372528,0.700413,0.861331,0.0250573,0.38084,0.804375,0.56805,0.579794
MT:12741,26,12741,9.57E-05,0.000624133,0.0411536,0.0673743,0.296838,0.656751,0.0834916,0.908964,0.367721,0.686552
MT:12793,26,12793,5.92E-07,4.65E-08,3.50E-16,0.184902,8.10E-23,5.79E-17,0.916777,0.273334,0.232284,0.410874
MT:12810,26,12810,0.123506,0.0250829,0.355536,0.211937,0.162291,0.199673,0.49397,0.62831,0.334843,0.92671
MT:12850,26,12850,0.182939,0.058968,0.0912517,0.72579,0.519291,0.885624,0.744388,0.0173138,0.480319,0.927295
MT:12879,26,12879,1.60E-26,3.45E-13,0.793444,0.0268326,3.19E-06,0.00112865,0.640406,0.675253,0.155826,0.288708
MT:12880,26,12880,1.98E-05,0.583417,0.348149,0.132973,0.933742,0.0175798,0.024117,0.324933,0.0128855,0.115133
MT:12923,26,12923,0.000263464,0.0709356,0.43566,0.578297,0.696754,0.224394,0.979298,0.467572,0.736218,0.0773565
MT:12950,26,12950,1.52E-05,0.813417,0.436363,0.314224,0.027449,0.255677,0.862136,0.513296,0.547618,0.369135
MT:13020,26,13020,1.14E-06,4.84E-09,0.153473,0.200401,2.55E-05,0.310722,0.247285,0.294518,0.375048,0.798663
MT:13101,26,13101,5.19E-05,7.42E-15,0.636246,0.374635,0.00643096,0.000440416,0.553803,0.0251317,0.129076,0.209296
MT:13104,26,13104,0.00353141,0.466544,0.0413034,0.000686536,0.502495,0.318237,0.396614,0.967086,0.247062,0.655539
MT:13105,26,13105,1.24E-05,1.77E-07,0.00957811,1.22E-09,0.187646,0.731468,0.326599,0.588681,0.0190137,0.76907
MT:13117,26,13117,0.0010196,0.0483342,0.0660433,0.31721,1.01E-13,1.54E-20,0.331124,0.046582,0.0471043,0.846714
MT:13135,26,13135,4.44E-08,0.254011,0.543369,1.64E-10,0.0299049,0.0386384,0.813801,0.416238,0.628248,0.00357625
MT:13239,26,13239,0.000118176,0.000465212,0.0288917,0.0155108,0.744251,0.01118,0.0665817,0.15676,0.367936,0.814441
MT:13263,26,13263,0.00467089,0.0157682,0.656025,0.0290042,0.440969,0.00325471,0.0197176,0.0117115,0.66803,0.142665
MT:13368,26,13368,4.13E-08,0.000137783,0.975834,0.341166,0.00711957,0.000720908,0.72432,0.566559,0.743803,0.0356468
MT:13500,26,13500,3.35E-38,2.67E-05,0.393077,0.681235,0.475704,0.179561,0.919482,0.00700993,0.30893,0.239427
MT:13506,26,13506,2.94E-07,4.84E-06,0.502627,0.00819725,0.719814,0.54603,0.91807,0.241776,0.811924,0.504564
MT:13566,26,13566,0.0971312,0.313842,0.0187144,0.940235,0.948837,0.537848,0.697331,0.200032,0.517712,0.499243
MT:13575,26,13575,0.720958,0.930942,0.00588392,0.0126824,0.0293776,0.0253103,0.704498,0.606353,0.784548,0.457767
MT:13614,26,13614,0.38971,0.600189,0.969089,0.00612018,0.00470362,0.251819,0.572343,0.144836,0.338682,0.942429
MT:13617,26,13617,8.25E-08,0.0167568,0.000915045,0.15339,0.0483704,0.000133427,0.188888,0.0131957,0.26934,0.456492
MT:13637,26,13637,0.419183,1.17E-14,0.36296,9.93E-06,3.31E-12,0.00102493,0.856562,0.232083,0.80179,0.608155
MT:13650,26,13650,2.72E-05,0.000156228,0.0436151,0.00926238,0.703614,0.0413722,0.0640791,0.0776354,0.301039,0.807906
MT:13662,26,13662,1.80E-07,0.854848,0.844563,0.355525,0.0345476,2.02E-05,0.446974,0.624286,0.305034,0.448876
MT:13708,26,13708,2.34E-56,1.47E-12,0.0495003,9.24E-09,0.109044,0.822259,0.776234,1.45E-06,0.276225,0.139548
MT:13734,26,13734,8.34E-08,3.39E-07,0.164549,0.55255,0.000956713,0.469688,0.442553,0.0920108,0.302255,0.724801
MT:13740,26,13740,0.00103474,3.81E-14,0.764106,0.000169029,0.000900362,0.719962,0.232721,0.275826,0.523467,0.645919
MT:13759,26,13759,0.00509724,4.75E-12,0.956319,0.000325831,0.0275033,0.000173818,0.264129,0.333726,0.37097,0.403793
MT:13780,26,13780,2.50E-19,3.86E-19,0.0174198,1.28E-11,0.504288,0.291337,0.974167,0.450711,0.808074,0.661835
MT:13789,26,13789,0.0039145,0.177641,0.0890952,0.932172,0.193829,0.640612,0.851929,0.18074,0.489323,0.733209
MT:13816,26,13816,9.48E-30,2.72E-17,0.353215,0.000133598,0.486612,0.00257093,0.087854,0.0750827,0.985978,0.414062
MT:13879,26,13879,1.48E-57,5.09E-40,5.98E-05,0.000174968,0.00416916,2.21E-10,0.0490927,1.35E-09,0.386316,0.314851
MT:13932,26,13932,0.0963208,0.315597,0.0186687,0.939524,0.948835,0.538321,0.69604,0.200427,0.515649,0.498407
MT:13965,26,13965,0.000626875,5.33E-07,0.0879652,0.464836,0.764459,0.862543,0.00975447,0.406036,0.126409,0.365269
MT:13966,26,13966,0.000128195,0.142492,0.703968,0.0108092,0.127901,0.351402,0.157338,0.152764,0.570426,0.908682
MT:13967,26,13967,0.694456,0.0360668,0.901041,0.0200871,0.285871,0.00379413,0.103153,0.402154,0.561336,0.444044
MT:14016,26,14016,0.00130175,0.170106,0.695109,0.0178584,6.97E-07,0.00624457,0.507771,0.804005,0.310707,0.739996
MT:14037,26,14037,1.73E-13,0.0148892,0.744946,5.83E-11,0.208169,0.149216,0.832906,0.352864,0.368863,0.00744412
MT:14055,26,14055,0.14347,0.964121,0.262095,0.765954,0.0178322,0.00943291,0.62584,0.568051,0.678008,0.725069
MT:14070,26,14070,1.66E-22,1.15E-08,0.635192,0.0190194,1.31E-05,0.00227435,0.447533,0.500297,0.135625,0.707353
MT:14094,26,14094,0.663395,0.823973,0.925945,0.0875435,0.0906384,0.0264141,0.338068,0.00168061,0.268858,0.727705
MT:14133,26,14133,2.59E-15,4.67E-24,0.514753,0.0388923,5.13E-05,0.029304,0.836677,0.441706,0.687669,0.193567
MT:14139,26,14139,0.594136,7.73E-05,0.0792014,0.91385,0.198296,0.462296,0.0826029,0.99565,0.217266,0.247765
MT:14149,26,14149,0.000131394,0.0086215,0.207362,3.17E-06,0.117371,0.0132987,0.732127,0.561674,0.777521,0.783445
MT:14167,26,14167,0.0622584,6.69E-14,2.99E-08,0.822342,0.00341556,5.81E-07,0.0837616,0.00187616,0.654369,0.0025592
MT:14179,26,14179,4.99E-20,0.682021,9.19E-07,0.0987167,0.555456,0.588631,0.65046,0.529386,0.794287,0.658743
MT:14233,26,14233,1.54E-09,6.94E-11,0.864101,0.769884,0.471065,0.0070458,0.864787,0.344362,0.29066,0.0774819
MT:14318,26,14318,0.0385407,0.923971,0.792111,0.373229,0.760866,0.0643839,0.45311,0.729316,0.56412,0.158856
MT:14320,26,14320,7.10E-10,0.00334047,0.0692003,0.305856,0.857965,0.75194,0.00424164,0.801555,0.891756,0.500332
MT:14321,26,14321,7.10E-10,0.00334047,0.0692003,0.305856,0.857965,0.75194,0.00424164,0.801555,0.891756,0.500332
MT:14324,26,14324,7.10E-10,0.00334047,0.0692003,0.305856,0.857965,0.75194,0.00424164,0.801555,0.891756,0.500332
MT:14326,26,14326,5.17E-11,0.00217062,0.0588383,0.287454,0.828916,0.946513,0.00523365,0.81669,0.948659,0.55181
MT:14328,26,14328,7.10E-10,0.00334047,0.0692003,0.305856,0.857965,0.75194,0.00424164,0.801555,0.891756,0.500332
MT:14330,26,14330,7.10E-10,0.00334047,0.0692003,0.305856,0.857965,0.75194,0.00424164,0.801555,0.891756,0.500332
MT:14331,26,14331,7.10E-10,0.00334047,0.0692003,0.305856,0.857965,0.75194,0.00424164,0.801555,0.891756,0.500332
MT:14333,26,14333,7.10E-10,0.00334047,0.0692003,0.305856,0.857965,0.75194,0.00424164,0.801555,0.891756,0.500332
MT:14484,26,14484,0.523174,0.478126,0.0380097,0.000755917,0.482255,0.633635,0.556982,0.232079,0.691171,0.315453
MT:14518,26,14518,5.06E-05,0.00050206,0.0783925,0.424902,0.50953,1.63E-05,0.216839,0.356541,0.161637,0.155067
MT:14569,26,14569,6.73E-06,0.00944735,0.0313237,0.418157,0.623091,5.30E-09,0.392639,0.0253526,0.602964,0.548645
MT:14573,26,14573,0.270783,0.00465932,0.00784568,0.743035,0.000480666,0.980749,0.662986,0.0313894,0.240203,0.106696
MT:14582,26,14582,8.39E-12,0.0144511,0.0761962,2.98E-08,0.011864,0.000673328,0.616488,0.0500448,0.615274,0.168151
MT:14620,26,14620,0.000233227,0.00330071,0.000670229,0.673379,6.68E-06,0.000464627,0.720795,0.727842,0.691837,0.841728
MT:14674,26,14674,0.110169,0.536721,0.489901,0.933887,0.888054,0.588333,0.96819,0.313155,0.986515,0.570724
MT:14687,26,14687,0.120813,0.000288577,0.0284529,0.441787,0.394022,0.0429842,0.00705276,0.16344,0.103813,0.234366
MT:14761,26,14761,2.13E-06,0.073128,0.032115,0.563676,0.582207,0.675402,0.00630961,0.861431,0.806309,0.560215
MT:14766,26,14766,7.47E-21,1.00E-23,0.02274,0.00156502,0.111781,0.504308,0.651405,0.0440306,0.757149,0.493875
MT:14778,26,14778,7.10E-10,0.00334047,0.0692003,0.305856,0.857965,0.75194,0.00424164,0.801555,0.891756,0.500332
MT:14793,26,14793,6.58E-07,0.939159,2.53E-06,5.07E-07,0.426333,0.00455172,0.0780719,0.213216,0.399689,0.846724
MT:14798,26,14798,2.52E-28,3.14E-19,4.50E-05,0.78184,0.000215771,2.95E-05,0.0373907,1.28E-06,0.492285,0.0022
MT:14869,26,14869,1.68E-35,1.35E-28,0.00336904,2.03E-08,6.15E-05,0.00104611,0.931026,0.548136,0.760527,0.974958
MT:14872,26,14872,0.0121783,0.000140458,0.00122736,7.39E-11,0.083072,0.0217775,0.794564,0.536481,0.0254824,0.240445
MT:14905,26,14905,1.90E-07,7.19E-06,0.442944,0.80378,0.0101283,2.08E-05,0.42882,0.650043,0.442687,0.0158965
MT:15043,26,15043,1.13E-15,4.30E-17,0.217983,5.64E-08,0.966829,0.000143513,0.691261,0.0380395,0.737814,0.526184
MT:15049,26,15049,1.78E-10,1.76E-12,3.79E-18,0.915421,1.42E-27,2.52E-20,0.102807,0.0538716,0.641199,0.890759
MT:15074,26,15074,7.63E-06,0.627292,0.349763,0.325953,0.895892,0.00889209,0.0367916,0.385395,0.0636354,0.258164
MT:15082,26,15082,0.38971,0.600189,0.969089,0.00612018,0.00470362,0.251819,0.572343,0.144836,0.338682,0.942429
MT:15148,26,15148,7.94E-23,0.745703,0.108951,0.433702,0.616616,0.740412,0.34875,0.222378,0.794338,0.00776455
MT:15214,26,15214,0.0019592,0.000234167,0.0613536,0.0470108,0.209815,0.00104515,0.949496,0.193048,0.857261,0.282703
MT:15218,26,15218,0.0584692,0.649716,0.40359,0.0145095,0.0526848,0.00207004,0.101315,0.528507,0.43759,0.767765
MT:15229,26,15229,1.87E-07,0.00160061,0.0263328,0.951843,0.765146,0.0051627,0.227179,0.0264558,0.390259,0.0903688
MT:15244,26,15244,0.00343934,2.27E-05,0.0126503,0.96588,2.27E-07,0.00418103,0.0388123,0.500781,0.0689864,0.983957
MT:15250,26,15250,0.220769,0.352166,0.945804,0.0239141,0.725168,0.479175,0.324851,0.387774,0.792784,0.708416
MT:15257,26,15257,0.0144497,3.15E-07,0.557654,2.47E-06,0.0286533,0.483125,0.524582,0.334928,0.885252,0.96549
MT:15286,26,15286,0.00274538,0.144523,0.993492,0.893989,0.0442577,0.00576661,0.887857,0.217424,0.0684593,0.42877
MT:15292,26,15292,3.85E-05,0.122394,0.0022264,0.00270471,9.15E-05,0.000504653,0.978008,0.482202,0.420137,0.0593591
MT:15301,26,15301,7.96E-13,5.19E-08,0.553426,0.797075,0.633695,0.0195703,0.869096,0.924678,0.162276,0.0816811
MT:15358,26,15358,9.86E-05,0.0282059,0.100287,0.0714334,0.173404,0.629135,0.172858,0.151464,0.524627,0.386861
MT:15373,26,15373,7.60E-10,2.47E-06,0.747029,0.0155253,0.735889,0.734119,0.728869,0.530397,0.193366,0.504706
MT:15385,26,15385,0.00237457,4.53E-07,1.28E-07,0.145455,6.80E-14,6.99E-07,0.244854,0.0332366,0.00715133,0.76367
MT:15452,26,15452,6.67E-18,0.0160385,0.179432,0.00901975,0.979046,0.000400316,0.837908,0.000983182,0.509697,0.538506
MT:15454,26,15454,0.0367733,2.85E-05,0.0683306,0.683332,0.291488,0.0844013,0.0935582,0.981878,0.260169,0.243209
MT:15497,26,15497,0.0405818,2.16E-08,0.0558631,9.48E-07,0.00127789,5.08E-05,0.745006,0.752925,0.296364,0.85824
MT:15535,26,15535,0.477937,0.204869,0.964173,0.94519,0.732623,0.987415,0.31466,0.155433,0.292821,0.389937
MT:15607,26,15607,4.15E-08,9.71E-05,0.98971,0.499872,0.00732566,0.000198274,0.57814,0.496,0.874821,0.0318903
MT:15679,26,15679,0.00978636,0.724686,0.745443,0.00101243,0.149088,0.0430776,0.627945,0.528617,0.695999,0.95724
MT:15693,26,15693,2.54E-05,0.00137156,0.00168302,0.0938311,0.000257435,0.000552272,0.541226,0.414759,0.760789,0.956244
MT:15732,26,15732,0.211277,0.0336195,0.0990233,0.28531,0.0421668,0.305637,0.498249,0.0420849,0.874045,0.522969
MT:15758,26,15758,3.20E-60,1.91E-25,0.603686,0.037276,0.137064,0.00927463,0.7853,0.293734,0.796292,0.690513
MT:15775,26,15775,0.756561,0.0443312,0.211492,0.000286752,0.0973119,6.62E-06,0.925411,0.332341,0.0837762,0.0265557
MT:15784,26,15784,0.147299,0.146364,0.544363,4.27E-05,0.292851,5.61E-06,0.0787773,0.131076,0.840911,0.74545
MT:15812,26,15812,0.000674163,0.0434664,0.900597,0.0283766,0.99133,0.677861,0.804978,0.74497,0.770604,0.271102
MT:15833,26,15833,1.75E-22,3.12E-46,0.00320944,0.108318,1.35E-11,0.0096546,0.12879,0.716225,0.372242,0.26677
MT:15884,26,15884,6.15E-12,1.62E-19,0.122546,0.000866218,0.0749291,0.0117689,0.306344,0.944936,0.732233,0.809536
MT:15907,26,15907,7.42E-08,2.75E-07,0.1667,0.547866,0.000920611,0.476326,0.428632,0.0897415,0.30406,0.726744
MT:15924,26,15924,3.72E-09,3.75E-32,0.0133032,0.034609,0.339785,0.817738,0.530488,0.00389893,0.0475393,0.0587228
MT:15927,26,15927,2.49E-05,0.00216947,0.100063,1.61E-06,0.242462,0.149605,0.406516,0.993982,0.603178,0.564052
MT:15928,26,15928,7.37E-08,1.51E-05,0.503877,0.774614,0.00425707,2.95E-07,0.781657,0.741212,0.492456,0.027031
MT:15930,26,15930,0.0481224,0.107325,0.569957,0.000412728,0.259909,0.549588,0.057737,0.654308,0.613723,0.749413
MT:15944,26,15944,0.0156707,0.459179,0.00413766,0.000780302,0.0315694,3.74E-06,0.23937,0.0847968,0.166474,0.531272
MT:15946,26,15946,0.554901,0.866977,0.636231,0.0236654,0.365143,2.49E-07,0.342385,0.277306,0.896239,0.853566
MT:15968,26,15968,0.000692129,0.012347,0.567832,0.830861,0.696812,0.17774,0.633811,0.276011,0.710674,0.0259842
MT:16069,26,16069,2.77E-46,2.28E-10,0.115339,0.00250411,0.013295,0.593299,0.950011,0.000133756,0.331537,0.106508
MT:16121,26,16121,7.10E-10,0.00334047,0.0692003,0.305856,0.857965,0.75194,0.00424164,0.801555,0.891756,0.500332
MT:16126,26,16126,1.32E-11,0.00184705,0.165747,0.00836553,0.502181,6.99E-05,0.5983,0.0197652,0.554935,0.635887
MT:16144,26,16144,0.000714894,0.00966603,8.03E-26,0.112143,0.83819,0.264263,0.291897,0.575292,0.207724,0.663856
MT:16145,26,16145,3.72E-33,1.04E-22,0.0072462,3.95E-06,0.824503,0.0129093,0.0172549,0.0053763,0.983346,0.0838033
MT:16146,26,16146,0.616969,0.927316,0.0475671,0.603975,0.763025,0.806487,0.542249,0.47073,0.932815,0.314427
MT:16148,26,16148,0.624515,6.45E-07,0.0288876,7.13E-08,0.403116,0.0520101,0.10324,0.0802013,0.51716,0.463384
MT:16153,26,16153,0.097872,2.22E-19,0.0179337,7.06E-08,7.35E-11,0.197073,0.923649,0.0568199,0.102292,0.501082
MT:16162,26,16162,5.73E-23,2.60E-53,0.0703538,0.0678291,0.366206,7.74E-11,0.46767,0.481119,0.662619,0.0815606
MT:16163,26,16163,0.915474,0.00102124,0.143904,0.0579753,4.03E-05,0.000839187,0.494257,0.339899,0.88553,0.242701
MT:16172,26,16172,1.24E-05,0.0006871,0.541186,0.00607901,0.679584,0.303509,0.419712,0.0875102,0.0768216,0.244683
MT:16193,26,16193,8.09E-06,0.00307611,0.0459532,1.98E-14,0.0979447,0.589846,0.94852,0.715978,0.789992,0.686338
MT:16223,26,16223,0.249476,3.21E-13,0.321179,0.951444,0.116125,0.15336,0.459387,0.415139,0.284968,0.120269
MT:16243,26,16243,8.36E-10,0.861603,0.922288,0.974198,0.64816,0.450015,0.559319,0.658151,0.199066,0.902411
MT:16270,26,16270,1.73E-07,0.093026,0.0106499,3.07E-05,0.0624228,9.94E-06,0.264041,0.0475705,0.632855,0.372691
MT:16298,26,16298,0.0109854,0.0422533,0.0608987,0.463205,0.00136565,0.122416,0.33133,0.567817,0.624177,0.822889
MT:16337,26,16337,0.00409237,0.82963,0.308632,0.650849,0.125242,0.61779,0.903979,0.15913,0.312185,0.893725
MT:16353,26,16353,8.67E-10,5.81E-10,1.66E-14,0.205683,1.03E-18,1.11E-15,0.67717,0.268515,0.616848,0.296167
MT:16356,26,16356,2.36E-07,1.71E-15,0.0362853,0.81319,0.135813,0.0148317,0.348778,0.0293329,0.841035,0.659439
MT:16362,26,16362,3.96E-05,8.39E-15,0.903851,0.0482005,2.55E-05,0.00101498,0.367077,0.915715,0.477563,0.586603
MT:16391,26,16391,1.03E-22,1.20E-17,0.0085742,7.86E-14,0.205502,0.733918,0.832878,0.93223,0.692138,0.463309
MT:16463,26,16463,0.665139,0.363553,0.346619,0.0107322,0.884749,1.61E-06,0.190826,0.314089,0.756938,0.683818
MT:16482,26,16482,0.46751,0.0449832,0.0734615,3.27E-15,0.243624,0.121978,0.870091,0.874069,0.353156,0.614929
MT:16526,26,16526,4.82E-08,3.19E-07,5.08E-09,0.0556287,5.48E-07,0.451133,0.787867,0.862006,0.973933,0.820687
MT:16535,26,16535,0.000106698,0.0107848,0.00038321,0.0738365,0.545911,0.00356371,0.252079,0.312795,0.651093,0.777418